Mutation_A,Mutation_B,Gene,Pathway,Clinical_Significance
M41L,D67N,Reverse Transcriptase,TAM Cluster,"Both are thymidine analogue mutations (TAMs) that commonly accumulate together, progressively lowering susceptibility to zidovudine and tenofovir."
M41L,T215Y,Reverse Transcriptase,TAM Cluster,"Classic TAM-1 pathway pairing. Together they confer high-level zidovudine resistance and erode tenofovir and abacavir activity."
D67N,K219Q,Reverse Transcriptase,TAM Cluster,"TAM-2 pathway pairing that frequently co-occurs with K70R, forming a distinct resistance trajectory from the TAM-1 route."
D67N,K70R,Reverse Transcriptase,TAM Cluster,"Common TAM-2 accessory pair; individually modest but additive when combined, reducing zidovudine and tenofovir susceptibility."
T215Y,K219Q,Reverse Transcriptase,TAM Cluster,"Frequent co-occurrence on the TAM-1 trajectory; associated with pronounced thymidine analogue resistance."
M41L,L210W,Reverse Transcriptase,TAM Cluster,"Key TAM-1 core doublet; strongly associated with tenofovir cross-resistance when present alongside T215Y."
L210W,T215Y,Reverse Transcriptase,TAM Cluster,"High-level TAM-1 anchor combination causing severe reduction in AZT and d4T efficacy."
K65R,M184V,Reverse Transcriptase,NRTI Cross-Talk,"M184V partially resensitizes the virus to tenofovir in the presence of K65R, representing an important within-class antagonism."
L74V,M184V,Reverse Transcriptase,NRTI Cross-Talk,"Often selected together under abacavir/lamivudine regimens; M184V mitigates viral fitness costs caused by L74V."
Q151M,A62V,Reverse Transcriptase,Multi-NRTI Complex,"A62V is a key accessory component of the Q151M multi-drug resistance complex, amplifying broad NRTI resistance."
K103N,V106A,Reverse Transcriptase,NNRTI Dual Selection,"Co-occurrence reflects sequential NNRTI therapy failures, conferring total resistance to first-generation NNRTIs."
K103N,P225H,Reverse Transcriptase,NNRTI Dual Selection,"P225H almost exclusively arises in combination with K103N under Efavirenz pressure, reinforcing high-level NNRTI resistance."
Y181C,G190A,Reverse Transcriptase,NNRTI High-Resistance Cluster,"Combines Nevirapine-selected Y181C with Efavirenz-selected G190A, eliminating options across 1st generation NNRTIs."
L100I,K103N,Reverse Transcriptase,NNRTI Synergy,"L100I and K103N act synergistically to increase Efavirenz resistance over 1,000-fold compared to wildtype."
Q148H,G140S,Integrase,INSTI Compensatory Pathway,"G140S is an accessory mutation that restores viral fitness lost to Q148 mutations and amplifies resistance to raltegravir and dolutegravir."
Q148R,G140S,Integrase,INSTI Compensatory Pathway,"Same compensatory relationship as Q148H/G140S; one of the most clinically important INSTI resistance signatures."
Q148H,E138K,Integrase,INSTI Compensatory Pathway,"E138K is a secondary INSTI mutation that, alongside Q148 substitutions, contributes to a stepwise increase in INSTI resistance."
N155H,Y143R,Integrase,INSTI Alternate Pathway,"Represents two distinct INSTI resistance pathways found in the same profile, suggesting dual exposure or mixed viral populations."
G140S,E138K,Integrase,INSTI High-Level Resistance,"Triple-combo component with Q148H; creates near complete cross-resistance to first and second generation INSTIs."
L90M,D30N,Protease,PI Divergent Pathways,"Typically arise on separate resistance pathways; co-occurrence suggests multi-pathway protease inhibitor pressure."
V82A,I84V,Protease,PI Major Mutation Cluster,"Two major protease inhibitor mutations that substantially widen cross-resistance across boosted PI regimens."
M46I,V82A,Protease,PI Major Mutation Cluster,"M46I is a common accessory mutation that increases replicative fitness and resistance when combined with V82A."
I50V,A71V,Protease,PI Primary/Accessory Pair,"A71V acts as a compensatory mutation restoring enzymatic efficiency impaired by the primary I50V mutation."