Mutation,Gene,Codon,Drug,Drug_Class,Resistance,Severity,Evidence,Description
M184V,Reverse Transcriptase,184,"Lamivudine (3TC); Emtricitabine (FTC)",NRTI,High,High,Stanford HIVdb,"High-level resistance to Lamivudine and Emtricitabine; increases Tenofovir/Zidovudine susceptibility."
M184I,Reverse Transcriptase,184,"Lamivudine (3TC); Emtricitabine (FTC)",NRTI,High,High,Stanford HIVdb,"Transient precursor to M184V; confers high-level resistance to 3TC and FTC."
K65R,Reverse Transcriptase,65,"Tenofovir (TDF/TAF); Abacavir (ABC)",NRTI,Intermediate,High,Stanford HIVdb,"Reduces susceptibility to Tenofovir, Abacavir, Didanosine, and Emtricitabine; antagonized by M184V."
K70R,Reverse Transcriptase,70,"Tenofovir; Zidovudine (AZT)",NRTI,Low,Moderate,Stanford HIVdb,"Classic TAM-2 mutation associated with reduced AZT susceptibility."
D67N,Reverse Transcriptase,67,"Zidovudine (AZT)",NRTI,Intermediate,Moderate,Stanford HIVdb,"Thymidine analogue mutation (TAM-2) contributing to cumulative nucleoside resistance."
L74V,Reverse Transcriptase,74,"Abacavir (ABC); Didanosine (ddI)",NRTI,Intermediate,Moderate,Stanford HIVdb,"Selected by Abacavir and Didanosine; decreases ABC susceptibility while maintaining TDF activity."
Y115F,Reverse Transcriptase,115,"Abacavir (ABC)",NRTI,Intermediate,Moderate,Stanford HIVdb,"Decreases Abacavir susceptibility; selected under ABC pressure."
M41L,Reverse Transcriptase,41,"Zidovudine (AZT); Tenofovir (TDF)",NRTI,Intermediate,High,Stanford HIVdb,"Major TAM-1 mutation; in combination with T215Y confers high resistance to AZT and reduced TDF response."
T215Y,Reverse Transcriptase,215,"Zidovudine (AZT)",NRTI,High,Critical,Stanford HIVdb,"Major TAM-1 mutation conferring high-level resistance to Zidovudine and Stavudine."
T215F,Reverse Transcriptase,215,"Zidovudine (AZT)",NRTI,High,Critical,Stanford HIVdb,"Major TAM-1 mutation causing high-level resistance to AZT and Stavudine."
L210W,Reverse Transcriptase,210,"Zidovudine (AZT); Tenofovir (TDF)",NRTI,Intermediate,High,Stanford HIVdb,"Major TAM-1 mutation that acts synergistically with M41L and T215Y to lower TDF/AZT susceptibility."
K219Q,Reverse Transcriptase,219,"Zidovudine (AZT)",NRTI,Low,Moderate,Stanford HIVdb,"TAM-2 accessory mutation that enhances AZT resistance when combined with D67N and K70R."
K219E,Reverse Transcriptase,219,"Zidovudine (AZT)",NRTI,Low,Moderate,Stanford HIVdb,"TAM-2 accessory mutation contributing to cumulative thymidine analogue resistance."
Q151M,Reverse Transcriptase,151,"Multi-NRTI (AZT/d4T/ABC/ddI)",NRTI,High,Critical,Stanford HIVdb,"Multi-nucleoside resistance complex key mutation; severely compromises nearly all NRTIs."
T69Ins,Reverse Transcriptase,69,"Multi-NRTI Complex",NRTI,High,Critical,Stanford HIVdb,"Amino acid insertion complex conferring broad high-level multi-NRTI cross-resistance."
K103N,Reverse Transcriptase,103,"Efavirenz (EFV); Nevirapine (NVP)",NNRTI,High,Critical,Stanford HIVdb,"Most common primary NNRTI mutation; causes high-level cross-resistance to EFV and NVP."
K103S,Reverse Transcriptase,103,"Efavirenz (EFV); Nevirapine (NVP)",NNRTI,High,Critical,Stanford HIVdb,"Causes high-level resistance to Efavirenz and Nevirapine."
Y181C,Reverse Transcriptase,181,"Nevirapine (NVP); Etravirine (ETR); Rilpivirine (RPV)",NNRTI,High,Critical,Stanford HIVdb,"High-level resistance to Nevirapine; intermediate-to-high resistance to Etravirine and Rilpivirine."
Y181I,Reverse Transcriptase,181,"Nevirapine (NVP); Etravirine (ETR)",NNRTI,High,Critical,Stanford HIVdb,"Significantly lowers susceptibility to first and second-generation NNRTIs."
Y188L,Reverse Transcriptase,188,"Efavirenz (EFV); Nevirapine (NVP); Doravirine (DOR)",NNRTI,High,Critical,Stanford HIVdb,"Causes high-level resistance to Efavirenz, Nevirapine, and Doravirine."
G190A,Reverse Transcriptase,190,"Efavirenz (EFV); Nevirapine (NVP)",NNRTI,High,High,Stanford HIVdb,"Major NNRTI mutation reducing Efavirenz and Nevirapine response."
V106A,Reverse Transcriptase,106,"Efavirenz (EFV); Nevirapine (NVP); Doravirine (DOR)",NNRTI,Intermediate,Moderate,Stanford HIVdb,"Associated with EFV and NVP resistance; selected in subtype C viruses."
V106M,Reverse Transcriptase,106,"Efavirenz (EFV); Nevirapine (NVP)",NNRTI,High,High,Stanford HIVdb,"Major NNRTI mutation selected by Efavirenz."
E138K,Reverse Transcriptase,138,"Rilpivirine (RPV)",NNRTI,Intermediate,Moderate,Stanford HIVdb,"Reduces Rilpivirine susceptibility; often selected alongside INSTI mutation E138K."
E138A,Reverse Transcriptase,138,"Rilpivirine (RPV)",NNRTI,Low,Low,Stanford HIVdb,"Polymorphic mutation causing slight reduction in Rilpivirine susceptibility."
P225H,Reverse Transcriptase,225,"Efavirenz (EFV)",NNRTI,Intermediate,Moderate,Stanford HIVdb,"Common accessory NNRTI mutation usually occurring with K103N."
L100I,Reverse Transcriptase,100,"Efavirenz (EFV); Rilpivirine (RPV)",NNRTI,High,High,Stanford HIVdb,"Synergizes with K103N to cause high-level NNRTI cross-resistance."
L90M,Protease,90,"Saquinavir; Indinavir; Nelfinavir; Lopinavir",PI,Intermediate,High,Stanford HIVdb,"Major protease mutation conferring broad cross-resistance across older PIs."
I84V,Protease,84,"Darunavir; Lopinavir; Atazanavir",PI,High,Critical,Stanford HIVdb,"Broad PI resistance mutation affecting almost all protease inhibitors including boosted Darunavir."
V82A,Protease,82,"Lopinavir; Indinavir",PI,Intermediate,High,Stanford HIVdb,"Major PI mutation selected by Lopinavir and Indinavir."
D30N,Protease,30,"Nelfinavir",PI,High,Moderate,Stanford HIVdb,"Specific signature resistance mutation for Nelfinavir."
M46I,Protease,46,"Atazanavir; Lopinavir; Fosamprenavir",PI,Intermediate,Moderate,Stanford HIVdb,"Accessory PI mutation enhancing resistance when combined with major PI mutations."
M46L,Protease,46,"Atazanavir; Lopinavir",PI,Intermediate,Moderate,Stanford HIVdb,"Accessory protease mutation."
I50V,Protease,50,"Darunavir; Amprenavir",PI,High,Critical,Stanford HIVdb,"Signature mutation for Amprenavir/Fosamprenavir; decreases Darunavir susceptibility."
I50L,Protease,50,"Atazanavir",PI,High,Critical,Stanford HIVdb,"Signature mutation for Atazanavir causing resistance while increasing susceptibility to other PIs."
L76V,Protease,76,"Darunavir; Lopinavir",PI,High,High,Stanford HIVdb,"Decreases susceptibility to Darunavir and Lopinavir; increases susceptibility to Atazanavir."
Q148H,Integrase,148,"Dolutegravir; Raltegravir; Elvitegravir; Bictegravir",INSTI,High,Critical,Stanford HIVdb,"Major INSTI mutation causing high-level resistance to RAL/EVG and reduced DTG/BIC response."
Q148R,Integrase,148,"Dolutegravir; Raltegravir; Elvitegravir; Bictegravir",INSTI,High,Critical,Stanford HIVdb,"Major INSTI mutation causing profound class-wide INSTI resistance."
Q148K,Integrase,148,"Dolutegravir; Raltegravir; Elvitegravir",INSTI,High,Critical,Stanford HIVdb,"Major INSTI pathway mutation."
N155H,Integrase,155,"Raltegravir; Elvitegravir",INSTI,High,High,Stanford HIVdb,"Primary INSTI mutation conferring high-level resistance to Raltegravir and Elvitegravir."
Y143R,Integrase,143,"Raltegravir",INSTI,High,High,Stanford HIVdb,"Primary Raltegravir resistance mutation pathway."
G140S,Integrase,140,"Dolutegravir; Raltegravir; Elvitegravir",INSTI,Intermediate,High,Stanford HIVdb,"Compensatory secondary mutation that restores viral replication fitness lost to Q148 substitutions."
E138K,Integrase,138,"Dolutegravir; Raltegravir",INSTI,Low,Moderate,Stanford HIVdb,"Accessory INSTI mutation that works in tandem with Q148 mutations."
R263K,Integrase,263,"Dolutegravir; Bictegravir; Cabotegravir",INSTI,Intermediate,High,Stanford HIVdb,"Selected by Dolutegravir and Bictegravir; causes low-to-intermediate resistance."
G118R,Integrase,118,"Dolutegravir; Cabotegravir; Raltegravir",INSTI,High,Critical,Stanford HIVdb,"Rare but potent INSTI mutation causing significant loss of Dolutegravir susceptibility."